{
  "timestamp": "2026-01-01T06:35:51.828984",
  "status": "healthy",
  "alerts_count": 0,
  "system_metrics": {
    "cpu_percent": 0.0,
    "memory_percent": 66.7,
    "disk_percent": 75.32385378275356,
    "available_memory_gb": 11.9765625,
    "free_disk_gb": 424.02928161621094
  },
  "alerts": []
}